<use   name="FWCore/Framework"/>
<use   name="FWCore/PluginManager"/>
<use   name="FWCore/ParameterSet"/>
<use   name="FWCore/MessageLogger"/>
<use   name="FWCore/MessageService"/>
<use   name="FWCore/Utilities"/>
<use   name="DataFormats/Common"/>
<use   name="DataFormats/PatCandidates"/>
<use   name="PhysicsTools/PatAlgos"/>
<use   name="PhysicsTools/PatUtils"/>
<use   name="CommonTools/UtilAlgos"/>
<use   name="root"/>
<use   name="Geometry/CaloGeometry"/>
<use   name="Geometry/CaloTopology"/>
<use   name="RecoEcal/EgammaCoreTools"/>
<use   name="EventFilter/HcalRawToDigi"/>
<flags   EDM_PLUGIN="1"/>
<export>
  <lib   name="1"/>
</export>
